"","baseMean","log2FoldChange","lfcSE","stat","pvalue","padj","symbol"
"ENSG00000004799",914.370594679048,2.6449559805897,0.628583021293498,4.20780691013083,2.57861054232289e-05,0.000263441956369214,"PDK4"
"ENSG00000004846",17.9989448799634,-1.69756957289277,0.553486214942597,-3.06704941706421,0.00216183114192432,0.0128909190314746,"ABCB5"
"ENSG00000006788",10.2534484705697,3.2028458452184,0.898351882442647,3.56524643384701,0.000363514463713587,0.00276461105427389,"MYH13"
"ENSG00000013293",244.49400651336,-2.88282512024852,0.21789311611975,-13.230455241478,5.85317701621127e-40,1.19936918132184e-37,"SLC7A14"
"ENSG00000013297",3431.54455302823,-1.77431274466286,0.173470583150669,-10.2283206318721,1.48064645376612e-24,1.4510335246908e-22,"CLDN11"
"ENSG00000015520",17.5126902473431,-2.82000744183536,0.609073808312047,-4.62999295545243,3.65678173168304e-06,4.49482537053228e-05,"NPC1L1"
"ENSG00000016391",92.1101048399364,-2.00739323993303,0.262260922979291,-7.654183540304,1.94544257738974e-14,7.41653711532596e-13,"CHDH"
"ENSG00000019186",14.0875173434919,-4.32469265075016,0.852725031372702,-5.0716145200855,3.9445477628883e-07,5.81586960428469e-06,"CYP24A1"
"ENSG00000021645",35.9586783335188,1.91032645794823,0.424607972326695,4.49903577523603,6.82623705197841e-06,7.94133590459836e-05,"NRXN3"
"ENSG00000025423",169.201816463876,-1.99303609540753,0.241779861845511,-8.24318485499431,1.67686200222739e-16,7.85381185043229e-15,"HSD17B6"
"ENSG00000028277",34.4572720229068,-2.09006046211106,0.371535676323315,-5.62546370457372,1.85010305524824e-08,3.4447481028813e-07,"POU2F2"
"ENSG00000035664",633.039689235768,1.68367724500056,0.161130092367658,10.4491794193156,1.47798447619132e-25,1.58637000444535e-23,"DAPK2"
"ENSG00000039537",22.951947955658,1.86550706174139,0.481080391820166,3.87774495377634,0.000105429156143306,0.000925559174087675,"C6"
"ENSG00000040731",72.2689663645708,-1.9038740436518,0.309444054608801,-6.15256300871148,7.62406658816664e-10,1.71417916107009e-08,"CDH10"
"ENSG00000041353",59.9421853235758,-1.547415654283,0.363297395383318,-4.25936346901225,2.05009875104171e-05,0.000214303656108893,"RAB27B"
"ENSG00000041515",10.1316555228039,1.72210325603921,0.619973266915496,2.7777056656121,0.00547441828432359,0.0281238491461319,"MYO16"
"ENSG00000046653",1090.45643883243,2.39614329259498,0.19034005396522,12.5887496755297,2.43499758204938e-36,4.30469376465827e-34,"GPM6B"
"ENSG00000049246",196.028265600041,-2.20776960988829,0.267821633726244,-8.24343268753627,1.67339080845139e-16,7.85381185043229e-15,"PER3"
"ENSG00000054938",93.3799826379335,-1.51096239296784,0.278118823888363,-5.43279441442748,5.5478312582438e-08,9.52132026399239e-07,"CHRDL2"
"ENSG00000057294",15.1127149651052,1.96986013515407,0.605732306662293,3.25203082861536,0.00114583593004604,0.00749427402632942,"PKP2"
"ENSG00000060718",363.7631440814,2.42734784916719,0.161397246002427,15.0395865436929,4.04065825420493e-51,1.55023722637922e-48,"COL11A1"
"ENSG00000064201",16.9796928099119,-1.62031538964439,0.481419490177405,-3.36570376294341,0.000763486542841692,0.00530118958048571,"TSPAN32"
"ENSG00000064309",348.466903387175,-1.5892114521375,0.244433494901509,-6.50161080738077,7.94644704287417e-11,1.97369604789404e-09,"CDON"
"ENSG00000064692",42.2001623189897,-1.51124641366001,0.353386850498916,-4.27646476241662,1.89884596373175e-05,0.000200351026436577,"SNCAIP"
"ENSG00000066468",28.7031609448735,-2.14807715152487,0.457406425311299,-4.69621114321457,2.65031583958447e-06,3.33499617720776e-05,"FGFR2"
"ENSG00000067798",705.207281858137,2.09443895595982,0.500955210635642,4.18089064948994,2.90369488563483e-05,0.00029137131985402,"NAV3"
"ENSG00000068831",97.80859654551,2.01977174186457,0.264968689281253,7.62268080558254,2.484607407372e-14,9.35332792687513e-13,"RASGRP2"
"ENSG00000070388",5.95766918518531,3.00478982582711,0.909648356762213,3.3032432846054,0.000955734323224671,0.00644334617763159,"FGF22"
"ENSG00000070404",2128.12177561681,1.81553974195429,0.113739106217579,15.962317643689,2.33882563974842e-57,1.20496296959838e-54,"FSTL3"
"ENSG00000070808",23.5852977806582,-2.31351321670075,0.457703402890723,-5.05461222723989,4.31266103489599e-07,6.30193709734558e-06,"CAMK2A"
"ENSG00000071282",3659.86212780504,1.60529966224328,0.125089713769309,12.8331867894732,1.06875936537273e-37,2.00748634129178e-35,"LMCD1"
"ENSG00000072571",36.6278171475339,1.56019336708425,0.319990997084839,4.8757414467839,1.08400515900396e-06,1.45437358833031e-05,"HMMR"
"ENSG00000078114",7.62336002439804,2.75674271879553,0.985285416658144,2.79791284046988,0.00514339899391325,0.0267819147150574,"NEBL"
"ENSG00000079101",6.7724663151121,-3.64594040760712,1.12054571308897,-3.25371858106215,0.00113905058007891,0.00745801018881006,"CLUL1"
"ENSG00000081052",207.134577208693,1.91217148409832,0.190881089024102,10.0176056930232,1.27555543790931e-23,1.16755409423252e-21,"COL4A4"
"ENSG00000084674",202.115326504125,1.6465615126705,0.525398799081783,3.13392705797601,0.00172483726325412,0.0106078668250335,"APOB"
"ENSG00000084710",10.3957442696493,-2.80173947277807,0.71033269658014,-3.94426370384877,8.00455374141792e-05,0.000723499313610265,"EFR3B"
"ENSG00000088756",685.720868955207,-1.64741726159706,0.163461637284555,-10.0783112720768,6.89000787473176e-24,6.43733792731415e-22,"ARHGAP28"
"ENSG00000089041",96.7559629333342,-1.98539326077391,0.258533832748051,-7.67943305396603,1.59794195278005e-14,6.20993303718315e-13,"P2RX7"
"ENSG00000092969",200.644149045315,-1.50557109986719,0.228408909449811,-6.59156030075092,4.35227980372783e-11,1.11319587830951e-09,"TGFB2"
"ENSG00000095585",21.112756321606,-2.55538264834918,0.551227231770884,-4.63580625387411,3.55548878598909e-06,4.37927416591224e-05,"BLNK"
"ENSG00000095637",44.3056674720633,1.89763144850016,0.314291584330342,6.03780547463091,1.56224230236705e-09,3.37369499356679e-08,"SORBS1"
"ENSG00000096060",2564.38437504937,4.04665432054343,0.369778361447276,10.9434589539129,7.14219274631616e-28,9.00615521689321e-26,"FKBP5"
"ENSG00000099194",785.207076440808,-1.99195016502555,0.194860766325573,-10.2224280576697,1.57349349324918e-24,1.53368836055509e-22,"SCD"
"ENSG00000099337",530.058849354171,2.71832668483885,0.18116981863292,15.0043020705708,6.88109292664739e-51,2.5849972427772e-48,"KCNK6"
"ENSG00000099998",506.243741997388,2.38094298991618,0.18962369354557,12.5561471005942,3.67811838385838e-36,6.43920686385769e-34,"GGT5"
"ENSG00000100033",55.3639200859253,4.88986985110316,0.520353643841386,9.39720497584079,5.60317017730181e-21,4.09054107842536e-19,"PRODH"
"ENSG00000100206",36.2987514806198,1.93382648970684,0.346343831825218,5.58354534427725,2.35664297361947e-08,4.30546971634309e-07,"DMC1"
"ENSG00000100242",2236.24203648175,1.85906659526987,0.12333477390462,15.0733368734073,2.42546882147035e-51,1.00150716280162e-48,"SUN2"
"ENSG00000100302",35.8445158131682,-2.00349638262074,0.45221305084755,-4.43042583327865,9.4047189181019e-06,0.000106057468124586,"RASD2"
"ENSG00000100739",134.534730275926,-1.88032232744637,0.268951553958508,-6.99130493864505,2.72341084951781e-12,8.11711478322399e-11,"BDKRB1"
"ENSG00000100784",87.3227602014942,-2.50693139114555,0.261948111956273,-9.57033579063948,1.06559014260709e-21,8.35422671803955e-20,"RPS6KA5"
"ENSG00000101342",42.90137769414,4.08768777358032,0.478927165560181,8.53509273962174,1.40043051323406e-17,7.21501800418189e-16,"TLDC2"
"ENSG00000101347",12703.4128252398,3.76702134486944,0.155991964038929,24.1488166911557,7.68345243282099e-129,3.4637003567157e-125,"SAMHD1"
"ENSG00000102468",11.2001521011001,-1.93577506611655,0.695059723098961,-2.78504853868642,0.00535197107899444,0.0276679053292341,"HTR2A"
"ENSG00000102524",64.0414731737915,-1.70880244310315,0.25722283358309,-6.6432766457771,3.06785236597003e-11,7.95964228247074e-10,"TNFSF13B"
"ENSG00000102554",149.552166590204,2.48258676574305,0.241223234762713,10.291656888629,7.68425569633414e-25,7.78441004024142e-23,"KLF5"
"ENSG00000102760",1136.38757496646,2.8489905742376,0.63079603550366,4.51650044370178,6.28699855323385e-06,7.38869664253335e-05,"RGCC"
"ENSG00000103175",250.457907082079,1.75598319517884,0.182252246249847,9.63490563936089,5.69442938537389e-22,4.56364225231387e-20,"WFDC1"
"ENSG00000103196",3082.088884672,2.631297942725,0.180110527184712,14.6093511792705,2.4483851887038e-48,7.88380030762622e-46,"CRISPLD2"
"ENSG00000103742",370.827770473622,-2.19721344082214,0.151834117868138,-14.4711443756688,1.84378791011011e-47,5.45035796641073e-45,"IGDCC4"
"ENSG00000104951",7.10203025372704,-2.48839668683867,0.835303275609478,-2.97903379466939,0.00289158884505098,0.0164857763142407,"IL4I1"
"ENSG00000105516",84.5743051728046,-1.6519102300035,0.228515560054987,-7.22887417209578,4.87014393227793e-13,1.61430947402272e-11,"DBP"
"ENSG00000105989",333.209551189313,-3.04198487406246,0.190975398646913,-15.9286740366317,4.00765615602235e-57,2.00739043903875e-54,"WNT2"
"ENSG00000106003",16.4281623709883,-2.69125260176605,0.584642708193036,-4.60324325276193,4.15961906998809e-06,5.04074267943719e-05,"LFNG"
"ENSG00000106484",677.207250627007,-1.86373747068837,0.137336258108809,-13.5706149006315,5.98180985526691e-42,1.38287173474581e-39,"MEST"
"ENSG00000106617",1018.35402511812,1.61673102523719,0.128806135302823,12.5516616226103,3.89255002010351e-36,6.74908288101025e-34,"PRKAG2"
"ENSG00000106976",884.737400832367,-1.75622292867021,0.0998483760069833,-17.5888982765967,2.99646775404462e-69,2.45601393367875e-66,"DNM1"
"ENSG00000107562",25136.0890181904,-1.91163732216195,0.106290133125682,-17.9850872884085,2.54986909818778e-72,2.2989619789261e-69,"CXCL12"
"ENSG00000107611",41.0818870131441,-1.53798978874222,0.318476471624062,-4.82921008543987,1.37075729002963e-06,1.81746290101575e-05,"CUBN"
"ENSG00000108231",21.5533025098256,-1.97641906934051,0.54126514034443,-3.65148043356871,0.000260732966616733,0.00206933840406379,"LGI1"
"ENSG00000108387",19.0736661708649,2.00886021754811,0.47655115327616,4.21541361034956,2.493208207569e-05,0.000256314312422373,"SEPTIN4"
"ENSG00000108602",7.42542324810674,-2.55582565218684,0.821627322007015,-3.11068727113851,0.00186652499130102,0.0113514936401821,"ALDH3A1"
"ENSG00000108684",7.44566527361518,-2.80742915871428,0.943955488271625,-2.97411180251164,0.00293837991662194,0.0167197433438078,"ASIC2"
"ENSG00000108688",14.1400017246593,-3.26206474646771,0.881458500615666,-3.70075816863673,0.000214956259451521,0.0017404989988459,"CCL7"
"ENSG00000108700",15.0226558747118,-4.03824525560869,0.806056086946928,-5.0098812241518,5.44636386048955e-07,7.75128911857518e-06,"CCL8"
"ENSG00000108830",158.261075547043,-2.36318233993991,0.258019312282737,-9.15893589139693,5.24115678297113e-20,3.52643802651251e-18,"RND2"
"ENSG00000108960",1723.12310209931,1.6867275291503,0.308836160175425,5.46156100435972,4.7196600591301e-08,8.23064895418123e-07,"MMD"
"ENSG00000109625",41.4971423052559,-1.81437733448082,0.336219040278209,-5.39641459026084,6.79857517520619e-08,1.14679052908623e-06,"CPZ"
"ENSG00000109906",385.071327676389,7.35265640555455,0.536391114943442,13.7076401914857,9.13818238245539e-43,2.32084091155543e-40,"ZBTB16"
"ENSG00000110756",995.252222053197,1.57645778874542,0.134640530993258,11.7086420939945,1.15108340331486e-31,1.64732824829948e-29,"HPS5"
"ENSG00000111490",15.9099485969693,-1.62484458797301,0.584568420104689,-2.77956272027493,0.00544321408682386,0.0280194223276072,"TBC1D30"
"ENSG00000111728",193.412946626173,-1.52765173187523,0.1732177384058,-8.81925688405178,1.1522182764678e-18,6.68064307436251e-17,"ST8SIA1"
"ENSG00000111859",1772.54117030296,1.62364119612519,0.16961596753599,9.57245487976054,1.04396850489396e-21,8.22045418351435e-20,"NEDD9"
"ENSG00000112837",2754.94303068407,-1.83354947892872,0.127751443226587,-14.3524756560021,1.02800988344246e-46,2.9898506803604e-44,"TBX18"
"ENSG00000112936",1960.7071087824,3.20448039541683,0.425673679668629,7.52802098995504,5.15151123410522e-14,1.8918951236942e-12,"C7"
"ENSG00000114115",20.0103094822935,-1.56755050502939,0.530056167702788,-2.95732905405666,0.00310316763032472,0.0174318749875437,"RBP1"
"ENSG00000115457",1919.14220160302,2.21410598084695,0.180440465087716,12.2705623695363,1.30344861973646e-34,2.217338255763e-32,"IGFBP2"
"ENSG00000115468",11.2519552960137,2.74073108472334,0.946822720026682,2.8946612990509,0.00379567843189257,0.0206466586678392,"EFHD1"
"ENSG00000116194",237.044539587412,1.94206952457686,0.220062974835355,8.82506258051751,1.09398618311208e-18,6.38406435400551e-17,"ANGPTL1"
"ENSG00000116285",3232.63588079279,2.42454519706406,0.144716728683981,16.753731369637,5.31833140384158e-63,2.99687974606473e-60,"ERRFI1"
"ENSG00000116675",50.8990625914575,2.22625166978452,0.333054283610761,6.68435080806928,2.31950565178136e-11,6.13274573503247e-10,"DNAJC6"
"ENSG00000116690",24.9241198332869,1.88899547656026,0.530278077449491,3.56227337484111,0.000367657244702171,0.00279258442985238,"PRG4"
"ENSG00000116711",111.968421891278,-2.45100099292936,0.263703452460269,-9.29453509259096,1.47850918429118e-20,1.045508925927e-18,"PLA2G4A"
"ENSG00000116991",119.853749823762,-2.5826908916509,0.268687666423912,-9.61224207283168,7.09861431616861e-22,5.63886402419174e-20,"SIPA1L2"
"ENSG00000117461",215.509146709287,-1.70093566105673,0.182487683592252,-9.32082443907436,1.15439766488304e-20,8.22770699334825e-19,"PIK3R3"
"ENSG00000117594",766.252163755667,1.56795445949743,0.538579606241236,2.91127707274369,0.00359954665149943,0.0197586073728578,"HSD11B1"
"ENSG00000117600",39.2873968219258,-2.37605730588591,0.425823661677437,-5.57990905560758,2.4064437365214e-08,4.38313065221756e-07,"PLPPR4"
"ENSG00000119138",1683.27622905212,2.08295444857214,0.160856178979041,12.9491727442036,2.37499563171725e-38,4.60493776678768e-36,"KLF9"
"ENSG00000119139",5029.85477688044,1.92796405184785,0.122715041050213,15.7109025539825,1.27353084412872e-55,6.04323899508662e-53,"TJP2"
"ENSG00000119508",216.674369404589,2.07787300022811,0.172230290964537,12.0645038023883,1.62639669611946e-33,2.61849868075233e-31,"NR4A3"
"ENSG00000119714",54.8122250115231,-2.83222798947155,0.409835846325852,-6.91063999126056,4.82472049857606e-12,1.39422051330647e-10,"GPR68"
"ENSG00000120129",3409.03835490143,2.94784960588674,0.121876400362184,24.1872060310816,3.03342375833422e-129,1.82328990700942e-125,"DUSP1"
"ENSG00000120162",60.670427635757,2.71138219943125,0.309485105982139,8.76094567079982,1.93619111046215e-18,1.10836184456678e-16,"MOB3B"
"ENSG00000121621",31.7907465435411,-1.61266871303641,0.397089173308536,-4.0612255922258,4.8815772434064e-05,0.000463775557708663,"KIF18A"
"ENSG00000122035",943.340735322473,2.28888406400658,0.1450285246495,15.7823026162494,4.11883953558825e-56,2.00732201366831e-53,"RASL11A"
"ENSG00000122679",10.3539982692666,-3.77990542449914,0.982704047833365,-3.84643314824331,0.000119849811642495,0.00103750926718074,"RAMP3"
"ENSG00000122877",17.0524051391341,-3.06695741586395,0.579984371858532,-5.28800009909927,1.23660911535894e-07,1.99104660714533e-06,"EGR2"
"ENSG00000122966",288.892501525737,-1.54921850914213,0.202460748119649,-7.65194499936641,1.97961913287183e-14,7.5309055282584e-13,"CIT"
"ENSG00000123405",13.5285848772424,-2.77245536699111,0.611359616290815,-4.534901051875,5.76304967605649e-06,6.83230189077256e-05,"NFE2"
"ENSG00000123610",322.72990824958,-2.57048463111107,0.442308489340352,-5.81151999805528,6.19081361047598e-09,1.22943558396589e-07,"TNFAIP6"
"ENSG00000123685",42.3509033628623,1.87233637689427,0.35863465519464,5.22073466625278,1.78214723881475e-07,2.79683890429135e-06,"BATF3"
"ENSG00000123689",42.1345372369129,-2.67837908409246,0.455423519898798,-5.88107325833246,4.07614692717437e-09,8.32401827755473e-08,"G0S2"
"ENSG00000124134",26.0836133664418,-2.94972874690179,0.496208117345038,-5.94453948614207,2.77235137880511e-09,5.77263742062515e-08,"KCNS1"
"ENSG00000124440",197.042690626187,2.53000730033165,0.173550901456317,14.5778977758203,3.88290413953532e-48,1.22836013059826e-45,"HIF3A"
"ENSG00000124766",1281.45678699994,-2.41199936411794,0.141051859607347,-17.1000890795225,1.48177647904035e-65,9.54264052501988e-63,"SOX4"
"ENSG00000125148",3656.26740037453,2.21100555131209,0.106090566445206,20.8407366026651,1.84970780391191e-96,3.70599234668217e-93,"MT2A"
"ENSG00000125657",13.3115501200415,-1.85473431661956,0.562883584431861,-3.29505845954206,0.000984012068687255,0.00658882496196383,"TNFSF9"
"ENSG00000125848",178.652501999173,-2.4812122250665,0.237143612793785,-10.4629097778995,1.27867440330635e-25,1.3806620862527e-23,"FLRT3"
"ENSG00000126016",386.412442581616,-2.37421126129835,0.174904474194057,-13.5743312012942,5.68603328198763e-42,1.33156561221819e-39,"AMOT"
"ENSG00000126803",449.176836543227,2.45877920176872,0.164250842314229,14.9696596201608,1.15912974982596e-50,4.18028552977235e-48,"HSPA2"
"ENSG00000126861",309.304215909479,-1.71993260166834,0.202443233203767,-8.49587597693207,1.96445671902386e-17,1.00065207789373e-15,"OMG"
"ENSG00000126878",93.2590639059887,-2.66905446544952,0.252643393202237,-10.5645132121582,4.35220791151993e-26,4.87447286090232e-24,"AIF1L"
"ENSG00000126950",786.108308420399,-1.70805364882559,0.168901114830009,-10.1127434862977,4.85065664294824e-24,4.60352845187593e-22,"TMEM35A"
"ENSG00000127083",304.475082330564,1.81291245015973,0.16797166242093,10.7929660517179,3.71599227938233e-27,4.46711818545481e-25,"OMD"
"ENSG00000127324",26.4056853497082,4.37299403602353,0.622910558669821,7.02025993163726,2.21455863220965e-12,6.65548687600073e-11,"TSPAN8"
"ENSG00000127824",228.716782957365,-1.56104143607916,0.15641271453106,-9.98027200511996,1.85956305594173e-23,1.66824084700206e-21,"TUBA4A"
"ENSG00000127954",286.388753317735,5.20719259680502,0.493088534047754,10.5603603354134,4.54912179655722e-26,5.06356569355061e-24,"STEAP4"
"ENSG00000128045",124.216514368742,4.70277291951095,0.752168022686092,6.25229041606518,4.0447634653933e-10,9.32674869667162e-09,"RASL11B"
"ENSG00000128165",58.7517465380704,-2.61934103882547,0.326903466819505,-8.0125826266373,1.12324323298374e-15,4.95215696263148e-14,"ADM2"
"ENSG00000128285",6.62464689043904,-5.32528184739016,1.25162189681143,-4.25470492403222,2.09324876251064e-05,0.000218308049078033,"MCHR1"
"ENSG00000128342",153.120046201745,-2.60746326228666,0.270073648773762,-9.65463781500174,4.69816480909791e-22,3.78202267132382e-20,"LIF"
"ENSG00000128510",164.043523498014,-2.26149540976189,0.225092487707563,-10.0469608417141,9.47443414094434e-24,8.71647940966879e-22,"CPA4"
"ENSG00000128594",19.009262298397,-1.67266826622476,0.482995693520368,-3.46311217400994,0.000533965737469813,0.0038793191692408,"LRRC4"
"ENSG00000128606",1137.03091630192,-2.40960413395676,0.311314131731011,-7.74010521320879,9.93345780039805e-15,3.94537689552373e-13,"LRRC17"
"ENSG00000128917",68.5030415009559,2.86185989324185,0.965962248968449,2.9627036628999,0.00304949996712543,0.0172000573685348,"DLL4"
"ENSG00000129270",6.07770066898454,2.19113930727631,0.851665735069611,2.57276912414143,0.0100888483909684,0.0462670687146345,NA
"ENSG00000129467",105.731285944338,-1.66640974540562,0.251048423550179,-6.63780206957778,3.18395004231388e-11,8.24899240847756e-10,"ADCY4"
"ENSG00000129682",265.486458590837,-1.553809994383,0.19400329560703,-8.00919381045138,1.15462825894282e-15,5.07811140616022e-14,"FGF13"
"ENSG00000130032",46.2304155367993,-2.09923811131145,0.46970573815381,-4.4692622226898,7.84898587965706e-06,8.98051480850102e-05,"PRRG3"
"ENSG00000130222",12.6109731120176,-1.87586723354786,0.645729175289695,-2.90503713527623,0.00367209529742783,0.0200773870234138,"GADD45G"
"ENSG00000130487",7.00089509144042,-2.67218938671408,1.01490767491135,-2.63293839702955,0.00846496992705571,0.040136822962048,"KLHDC7B"
"ENSG00000130513",451.001146431514,-1.86848610009901,0.138385275807845,-13.5020585766184,1.52066898868358e-41,3.34398819560272e-39,"GDF15"
"ENSG00000130592",19.9432991680427,-1.83877649341853,0.531830896317518,-3.45744578991275,0.000545321944614381,0.00395226901337883,"LSP1"
"ENSG00000131242",31.7090867693619,-2.18963466775576,0.377029273308844,-5.80759856798206,6.33752426922365e-09,1.25442631858003e-07,"RAB11FIP4"
"ENSG00000131386",11496.512180422,1.61544232994125,0.151546036283846,10.6597465004992,1.57024856261816e-26,1.81504628725197e-24,"GALNT15"
"ENSG00000131389",740.403133853246,-2.12489485096019,0.145291902857749,-14.6250053111398,1.945557020171e-48,6.49671929402286e-46,"SLC6A6"
"ENSG00000131771",95.4180950879008,-2.99864936798777,0.317966002741015,-9.43072322870373,4.07270984020008e-21,3.03467371233421e-19,"PPP1R1B"
"ENSG00000131979",85.0690048148891,1.59916046480465,0.236665274420042,6.75705579842018,1.40823968369724e-11,3.82430391211273e-10,"GCH1"
"ENSG00000132321",24.9707396228094,-1.50466748072639,0.400419696011361,-3.75772594533837,0.000171464521224763,0.00142284778956508,"DRC11"
"ENSG00000132518",5.65470690189454,5.88499344000916,1.31575522589189,4.47271143158104,7.72339722606067e-06,8.85930653818868e-05,"GUCY2D"
"ENSG00000132622",65.5487249388816,-2.27872014257332,0.292451686840656,-7.79178320764789,6.60700255717655e-15,2.67724651934848e-13,"HSPA12B"
"ENSG00000132854",6.00933759621134,-3.02647428383856,1.05287139932374,-2.87449567514368,0.00404673312264004,0.0218213790871547,"KANK4"
"ENSG00000133142",3055.98067746606,1.53911945240293,0.104090781426013,14.7863185511479,1.79507185755459e-49,6.10730862932536e-47,"TCEAL4"
"ENSG00000133216",344.05324780186,-1.77057818135334,0.160447667670254,-11.0352378882326,2.58366876068917e-28,3.35170612178037e-26,"EPHB2"
"ENSG00000134243",5510.95647651194,2.19572507328025,0.112488206037143,19.5196025488685,7.48179646328239e-85,1.03778272173775e-81,"SORT1"
"ENSG00000134253",136.92021385672,-1.95836218989953,0.197330249293913,-9.92428782159321,3.26424612552403e-23,2.87856025225806e-21,"TRIM45"
"ENSG00000134363",2906.30973919635,-1.80753313567686,0.131194291728261,-13.7775288228298,3.47981106201054e-43,8.96399329573915e-41,"FST"
"ENSG00000135362",111.758618662809,1.5367734635955,0.217882777563626,7.05321219409704,1.74833919137205e-12,5.33435741096798e-11,"PRR5L"
"ENSG00000135472",155.837656595499,-1.69522293031132,0.203996929408838,-8.31004140711283,9.5668684374579e-17,4.62492685426919e-15,"FAIM2"
"ENSG00000135604",21.3325453810853,2.39312594401855,0.480511631206404,4.98037048137671,6.34626637590222e-07,8.90551558679134e-06,"STX11"
"ENSG00000135821",19611.251384513,2.92279450807023,0.338217899643605,8.64174992260937,5.53584958179448e-18,3.00644058337533e-16,"GLUL"
"ENSG00000136237",98.5190517139084,2.65027485472768,0.361498176673616,7.33136437675736,2.27821303974668e-13,7.88497841318852e-12,"RAPGEF5"
"ENSG00000136267",8.39930227414,-3.12083002308437,0.908974820679514,-3.43335145494059,0.000596168774283397,0.0042693071238595,"DGKB"
"ENSG00000136383",68.7869977048668,2.78826068403727,0.451301643994416,6.17826396411658,6.48102912053573e-10,1.46816478770729e-08,"ALPK3"
"ENSG00000136999",435.706358063201,-2.55243706034497,0.182552506829308,-13.9819337716988,2.00952681009325e-44,5.49027082418205e-42,"CCN3"
"ENSG00000137393",158.28377408095,2.12481103383564,0.233170858274277,9.1126783576713,8.03728090231453e-20,5.3087270780416e-18,"RNF144B"
"ENSG00000137642",14.7515500227133,-1.56253803028898,0.609466462571373,-2.56378016879968,0.0103539099443968,0.0472782233774027,"SORL1"
"ENSG00000137672",655.448854141464,1.95433517435866,0.15000381142485,13.0285701129517,8.4170224873497e-39,1.68639721657655e-36,"TRPC6"
"ENSG00000137673",5.10282975229036,4.73309125881628,1.31892548812776,3.58859640019164,0.000332463061278314,0.00256304998758895,"MMP7"
"ENSG00000137801",90563.3614225568,1.88756561718497,0.288727477399351,6.53753371236712,6.25415506528654e-11,1.56849685865434e-09,"THBS1"
"ENSG00000137809",1115.79483186228,-1.72108921255556,0.137394992733563,-12.526578868075,5.34176348446701e-36,9.17358849065801e-34,"ITGA11"
"ENSG00000137959",102.245120327948,1.86805417146166,0.309289693258253,6.0398203114446,1.5428594628947e-09,3.33583235430662e-08,"IFI44L"
"ENSG00000137960",19.6686256264687,1.54125025413364,0.459275530631077,3.35582923831334,0.000791274095821811,0.00546885952313488,"GIPC2"
"ENSG00000138135",37.8397097714386,-1.67260794586119,0.364593558926799,-4.58759598163118,4.48379301267802e-06,5.40452911795521e-05,"CH25H"
"ENSG00000138316",799.560819258847,-2.50718442151484,0.169147855868423,-14.8224428186966,1.04899158971371e-49,3.63758006648414e-47,"ADAMTS14"
"ENSG00000138356",4456.79964784193,1.55434092784961,0.289555498801124,5.36802421050613,7.96038698479236e-08,1.32053080137788e-06,"AOX1"
"ENSG00000138483",4.87045243050388,3.70272756722514,1.14415356071905,3.23621556961126,0.00121125872547523,0.00784251969040194,"CCDC54"
"ENSG00000138669",239.218768914062,-1.70203337303763,0.215180376298779,-7.90979829254665,2.57806261897793e-15,1.08110756152116e-13,"PRKG2"
"ENSG00000138829",15701.2188784373,1.91934800787427,0.16368693803488,11.7257249168244,9.4092070785758e-32,1.36502949955292e-29,"FBN2"
"ENSG00000138944",242.948239667584,-1.58638867542261,0.237365707881697,-6.68331027923066,2.33604232204221e-11,6.16742535154687e-10,"SHISAL1"
"ENSG00000139055",17.496973574804,1.95381653364952,0.521634745696589,3.74556440070035,0.000179988665521323,0.00148402177260197,"ERP27"
"ENSG00000139132",1223.46315207371,2.22892876092536,0.113079600647766,19.7111481483587,1.72997015461187e-86,2.83589289345103e-83,"FGD4"
"ENSG00000139269",16.8064799247861,-1.83225968962974,0.485496988497066,-3.77398775490204,0.000160658649731398,0.0013418234237872,"INHBE"
"ENSG00000139292",4.83253011590077,3.2019447023767,1.23969092384236,2.58285725965665,0.00979858537325266,0.0452111138699925,"LGR5"
"ENSG00000140600",11.2051862781286,-2.92980299811898,0.712781118718607,-4.11038244585658,3.95004336734488e-05,0.000385011794594394,"SH3GL3"
"ENSG00000140807",96.2204474752052,2.42857010248121,0.249646905309146,9.72802005886607,2.29006864458434e-22,1.86853021715587e-20,"NKD1"
"ENSG00000141150",151.082027400383,1.56244107020109,0.193160978062324,8.0888028517694,6.02540072738049e-16,2.70273696308769e-14,NA
"ENSG00000141401",627.528067458797,2.32689707989239,0.160786154257201,14.47199910118,1.82101560359438e-47,5.45035796641073e-45,"IMPA2"
"ENSG00000141469",53.4354810111084,-4.12476387160492,1.12979713109124,-3.6508889588177,0.000261334215076288,0.00207137519395852,"SLC14A1"
"ENSG00000142871",5220.26485622205,1.74043936668385,0.304167302178907,5.72198048316234,1.05289405511518e-08,2.0112061018895e-07,"CCN1"
"ENSG00000143127",265.813276525119,3.81872323577699,0.446285442377218,8.55668339849019,1.1616097762033e-17,6.03635374193025e-16,"ITGA10"
"ENSG00000143320",1492.11031525408,-1.63664587102719,0.140524636981871,-11.6466827894267,2.3856559864185e-31,3.33474021295336e-29,"CRABP2"
"ENSG00000143494",18.960739766621,-3.94902999432296,0.649673050213648,-6.07848823808269,1.21320879693662e-09,2.6581507929965e-08,"VASH2"
"ENSG00000143786",77.7758916331867,-1.51961624674431,0.233146338118065,-6.5178645266767,7.13153547800387e-11,1.77864243069662e-09,"CNIH3"
"ENSG00000143869",99.0938506755859,1.8711887640371,0.28378160394727,6.59376343642341,4.28814804785996e-11,1.09961254831428e-09,"GDF7"
"ENSG00000144644",13.8053936233412,-1.83855302110886,0.692248831687783,-2.65591350530164,0.00790938982098991,0.0380833423904112,"GADL1"
"ENSG00000144648",25.4176323153014,1.78334241503346,0.529114164615934,3.37043030463554,0.00075050888080592,0.00522920252654264,"ACKR2"
"ENSG00000145244",167.013755528854,1.9274114507943,0.197157161067691,9.77601544045641,1.42718907991545e-22,1.18050795821263e-20,"CORIN"
"ENSG00000145390",8442.04514236764,2.14752801324162,0.161968681710144,13.2589090098591,4.00682429759222e-40,8.50012420402151e-38,"USP53"
"ENSG00000145569",20.5338046400784,2.23027633386619,0.543908290888392,4.10046394075621,4.12322683090355e-05,0.000399946348654399,"OTULINL"
"ENSG00000145675",3495.18760109883,1.54463657584729,0.158030523269884,9.77429261060768,1.45167853144957e-22,1.19528161091775e-20,"PIK3R1"
"ENSG00000145777",152.370841552781,-2.78280767620813,0.232012164993049,-11.9942317519924,3.80935136906831e-33,5.97306294669911e-31,"TSLP"
"ENSG00000146006",46.8070121087814,-4.20969234916756,0.526436617653659,-7.99657966030225,1.27923019615941e-15,5.59880555755983e-14,"LRRTM2"
"ENSG00000146122",1942.42555424956,1.68146867612887,0.129271252520282,13.0072900459061,1.11216592898036e-38,2.20379956388724e-36,"DAAM2"
"ENSG00000146250",313.686159348886,-2.75618380850932,0.154504344568949,-17.8388757688257,3.52721173238057e-71,3.02869914087079e-68,"PRSS35"
"ENSG00000146592",669.394803070239,-2.04662896466746,0.184228041651752,-11.1092152221659,1.13149529296047e-28,1.4892790600484e-26,"CREB5"
"ENSG00000147041",11.1239745090234,-2.02677685478594,0.728015762010664,-2.7839738650552,0.00536973607405227,0.0277203208953079,"SYTL5"
"ENSG00000147119",453.233381160408,1.53246230003514,0.178022531579073,8.60824911567139,7.41849064336507e-18,3.95769891364376e-16,"CHST7"
"ENSG00000148677",5.2853822550832,3.42718970101329,1.17358804977012,2.92026635895329,0.00349732328549949,0.019291444932434,"ANKRD1"
"ENSG00000148848",1365.16397466345,-1.814510897036,0.100752154084977,-18.0096486622568,1.63664026169386e-72,1.55325774730861e-69,"ADAM12"
"ENSG00000149218",2027.18420510953,1.92644789691597,0.14061333016543,13.7003219726717,1.01075100189716e-42,2.531369731418e-40,"ENDOD1"
"ENSG00000149403",45.0596054072175,-2.17883194976259,0.34309263812536,-6.35056456375052,2.14526149012789e-10,5.10334501187153e-09,"GRIK4"
"ENSG00000150594",41.651403552087,-2.10435626369867,0.416447673262973,-5.05311086795252,4.34671407191217e-07,6.34141975280908e-06,"ADRA2A"
"ENSG00000150907",678.867910303335,2.22787282538413,0.164920468254952,13.5087709182346,1.38819688460637e-41,3.12899577790275e-39,"FOXO1"
"ENSG00000151726",1460.17591174986,1.60252447339933,0.118678050604833,13.5031243370799,1.49882541846851e-41,3.33664443775607e-39,"ACSL1"
"ENSG00000152268",1597.85828741008,1.91301770948966,0.13138689433603,14.5601866849596,5.03201986101561e-48,1.56443762299713e-45,NA
"ENSG00000152463",7.53317434146912,3.93925320176383,0.980530190633589,4.01747262796508,5.88256657885336e-05,0.000548188323255213,"OLAH"
"ENSG00000152583",997.444732611474,4.57496648744996,0.184241229157864,24.8313936482152,4.1082700782472e-136,7.40803260509535e-132,"SPARCL1"
"ENSG00000152779",45.6803014022667,4.12297635144682,0.454841693138327,9.06464032133689,1.25016024309435e-19,8.19741436490087e-18,"SLC16A12"
"ENSG00000154734",30315.1131700161,2.34563464270589,0.11635962408662,20.1584927857773,2.2668240564405e-90,4.08753713857351e-87,"ADAMTS1"
"ENSG00000154736",3780.49568538734,2.29279518846063,0.489156976214081,4.68723804412672,2.76916807197535e-06,3.47243662544225e-05,"ADAMTS5"
"ENSG00000154856",1452.40496387002,1.59966840029337,0.426604769292539,3.74976679924648,0.000176999093485211,0.00146338727818676,"APCDD1"
"ENSG00000154864",153.233975152144,-2.56719715738354,0.229088947450752,-11.2061152925565,3.80530492857222e-29,5.08275988681588e-27,"PIEZO2"
"ENSG00000154930",670.046865009161,1.89855964852272,0.10870084457815,17.4659144175991,2.60493804495811e-68,2.04227142724716e-65,"ACSS1"
"ENSG00000155011",12.1070483359893,-1.51174712443866,0.576879405812113,-2.62056004982612,0.00877854682031499,0.0413950722447489,"DKK2"
"ENSG00000155897",24.2882778293443,-4.02527608225857,0.726138944607987,-5.54339649752798,2.96660060193718e-08,5.33337408316363e-07,"ADCY8"
"ENSG00000156453",14.7487648593242,-1.84269652947344,0.637541120694606,-2.89031792563562,0.00384852395338306,0.0208837146937717,"PCDH1"
"ENSG00000156675",1631.8741313659,1.54727932913054,0.109750266323622,14.098182910719,3.89674568156754e-45,1.0810172020004e-42,"RAB11FIP1"
"ENSG00000157150",167.615767587415,2.94523624024825,0.196435616144269,14.9933922272281,8.11028994548528e-51,2.98458669993858e-48,"TIMP4"
"ENSG00000157152",49.9491137825046,3.46249481037465,0.407374158829748,8.49954454725665,1.90336005046339e-17,9.72277292633308e-16,"SYN2"
"ENSG00000157168",57.8985291578296,-1.61870820294674,0.305136129674376,-5.30487230297549,1.12751898126508e-07,1.82836531206582e-06,"NRG1"
"ENSG00000157214",3009.27287526155,1.97679555778944,0.0904251425234472,21.861127365952,6.09209470985095e-106,1.5693235972576e-102,"STEAP2"
"ENSG00000157368",52.0691481246527,-2.270417905807,0.368022091910005,-6.16924352020204,6.86174802534749e-10,1.54857372206591e-08,"IL34"
"ENSG00000157502",5.89757676214534,3.043648738589,1.02045726959715,2.98263222701188,0.00285781172162371,0.0163127765002592,"PWWP3B"
"ENSG00000157510",488.000363039249,1.72140410761192,0.208564979068998,8.25356258416924,1.53741306316394e-16,7.23828521017548e-15,"AFAP1L1"
"ENSG00000157514",2205.71884823744,3.19020210517313,0.338858767830215,9.41454791210118,4.75122599566151e-21,3.51123389974461e-19,"TSC22D3"
"ENSG00000158246",70.3028660136772,2.35211817140802,0.266973774449928,8.81029672766293,1.24815026580448e-18,7.19062159520333e-17,"TENT5B"
"ENSG00000159167",924.31845141588,1.96935253760209,0.351997083959001,5.59479787574454,2.20878940257456e-08,4.04765147431142e-07,"STC1"
"ENSG00000159713",14.1185093126775,-1.5505544040927,0.515422145590001,-3.00831933078426,0.00262696946581354,0.0151852242234083,"TPPP3"
"ENSG00000160097",14.6509596579192,-1.70170292658664,0.528493152401257,-3.21991480656806,0.00128228697724739,0.00824027041116353,"FNDC5"
"ENSG00000160145",42.1559705694256,-1.62953306074217,0.328470494986757,-4.9609724027355,7.01411577242257e-07,9.752934462281e-06,"KALRN"
"ENSG00000160223",16.5436852829633,-1.62241742173394,0.499921310942344,-3.24534558984034,0.00117308164079601,0.00763646503495797,"ICOSLG"
"ENSG00000161647",166.341417002357,1.56712606498089,0.181134262062535,8.65173737500779,5.07212603515991e-18,2.76315941589134e-16,"MPP3"
"ENSG00000162267",7.85434249737202,3.45147661225788,1.06406325338817,3.24367616423905,0.00117997817663328,0.00766751945263112,"ITIH3"
"ENSG00000162493",1099.63807723644,1.89125069647744,0.0959942591709895,19.7017062562945,2.08474554386694e-86,3.13267763725073e-83,"PDPN"
"ENSG00000162614",5393.11454093552,2.03569672173818,0.0946846980677475,21.4997434990142,1.56550751271581e-102,3.52865393366144e-99,"NEXN"
"ENSG00000162616",1467.63832301977,1.51914521908131,0.0882657741897048,17.211033756032,2.19478652954658e-66,1.46579224817718e-63,"DNAJB4"
"ENSG00000162630",42.6470656443847,2.89443400150562,0.417983951378455,6.9247491248412,4.3674881316449e-12,1.27345375664557e-10,"B3GALT2"
"ENSG00000162643",89.0649433045371,-1.61994936539412,0.228430656436697,-7.09164606302763,1.32526102047086e-12,4.11309926353366e-11,"DNAI3"
"ENSG00000162692",508.164810682556,-3.69257925046538,0.190065285432681,-19.4279520432113,4.47878246745851e-84,5.38409369688079e-81,"VCAM1"
"ENSG00000162772",373.512381807902,1.91920212562335,0.158719583256121,12.0917790120857,1.16731335619288e-33,1.93110040723579e-31,"ATF3"
"ENSG00000162878",1588.44163127645,1.55813011066579,0.170503123438539,9.13842561498555,6.33680985633443e-20,4.21643377599345e-18,"PKDCC"
"ENSG00000162894",22.4453074678526,1.5134861457859,0.530641585614565,2.852181560616,0.0043420292467479,0.0231849189746396,"FCMR"
"ENSG00000162998",89.4044039029013,1.63612512302948,0.292655070667508,5.59062625943127,2.26252097536373e-08,4.13770570261245e-07,"FRZB"
"ENSG00000163017",1159.27296789865,1.63012576816268,0.354390470794763,4.59980135613389,4.22894008235816e-06,5.11786896409949e-05,"ACTG2"
"ENSG00000163083",418.919472436378,3.4500876305263,0.208581349855447,16.5407292306686,1.86747935767381e-61,1.02043599325982e-58,"INHBB"
"ENSG00000163110",1314.18347975196,1.60548651257792,0.124182757876749,12.9284172781165,3.11158371870697e-38,5.96894442720469e-36,"PDLIM5"
"ENSG00000163171",1357.57299789907,1.50566222636688,0.103586106343268,14.5353684921542,7.23232991304908e-48,2.21039615240849e-45,"CDC42EP3"
"ENSG00000163251",54.2584482235687,2.39745993201238,0.379191385441698,6.32255906662995,2.57266632928216e-10,6.05617744773054e-09,"FZD5"
"ENSG00000163394",1216.57690967205,-2.18849649103329,0.125768648148211,-17.400970140462,8.11173965071927e-68,6.09462039090708e-65,"CCKAR"
"ENSG00000163485",45.7488367839578,-1.58236240225008,0.391520846747963,-4.04157892330242,5.30925058018781e-05,0.000499929015467084,"ADORA1"
"ENSG00000163491",160.223339782888,-2.49613409432842,0.228847667786774,-10.9074045563539,1.062464850383e-27,1.3304420959796e-25,"NEK10"
"ENSG00000163661",8565.67576080715,2.26029878727372,0.131288998167714,17.2162086604266,2.00713295245393e-66,1.39202389994805e-63,"PTX3"
"ENSG00000163823",10.4575502491842,-1.67349703460536,0.637921294663231,-2.62335972886565,0.00870672891689975,0.0411424884249309,"CCR1"
"ENSG00000163884",561.111048261822,4.45916878778715,0.234793390748024,18.9918837731368,1.99058039083828e-80,2.24338410047474e-77,"KLF15"
"ENSG00000164106",26.2834680209629,1.52921563576449,0.398106038205442,3.84122693204502,0.000122420871291949,0.0010572285206592,"SCRG1"
"ENSG00000164122",19.155848874141,2.09965857872105,0.534660274010988,3.92708918313594,8.59801063469378e-05,0.00077133993912835,"ASB5"
"ENSG00000164142",6.9057497110185,2.27683007099001,0.801525940557736,2.84061931845362,0.00450260255017781,0.0239289505407622,"FHIP1A"
"ENSG00000164442",7510.49639231427,1.54985320710876,0.132180866587525,11.72524622603,9.46254921495759e-32,1.36502949955292e-29,"CITED2"
"ENSG00000164530",108.788519591886,-1.56398394430592,0.295642373738181,-5.29012104905834,1.22235433152132e-07,1.97327603455617e-06,"PI16"
"ENSG00000164619",553.26611920588,-1.53206182913537,0.177499860731715,-8.63134102088694,6.06367999377208e-18,3.25417492999102e-16,"BMPER"
"ENSG00000164647",1920.71084944799,1.56742382247365,0.109745801000574,14.2823124728522,2.82083404184776e-46,8.0738538797776e-44,"STEAP1"
"ENSG00000164742",353.798497568979,-2.58876802238504,0.248961271831865,-10.3982760183413,2.52459315706679e-25,2.66219086597827e-23,"ADCY1"
"ENSG00000164761",7614.29076464117,-1.63178695957554,0.28253289576259,-5.77556448841523,7.66955175249417e-09,1.50159996960885e-07,"TNFRSF11B"
"ENSG00000165072",641.088830295859,2.68983989456904,0.442719805828136,6.07571619602047,1.23435551175069e-09,2.69466084599133e-08,"MAMDC2"
"ENSG00000165105",33.6344110705797,-1.95371490455152,0.410649245466198,-4.75762448396447,1.95884459875176e-06,2.52479526838397e-05,"RASEF"
"ENSG00000165125",29.8611639797166,1.69675946061544,0.382554864433921,4.43533625726128,9.19286837280139e-06,0.000103798248276991,"TRPV6"
"ENSG00000165272",138.5709006117,-2.91949137475037,0.298024648285178,-9.79614066000586,1.169696378789e-22,9.71979958632407e-21,"AQP3"
"ENSG00000165388",13.1881448925174,-2.46427380274063,0.732784813732238,-3.36288874518227,0.000771314419256131,0.00534936215693329,NA
"ENSG00000165495",15.3546494721503,-2.25112793232547,0.565722733772896,-3.97920712380134,6.91454821934236e-05,0.000634842838549804,"PKNOX2"
"ENSG00000165507",18353.5589923275,1.55341988320423,0.144063455369704,10.7828864663683,4.14665712982017e-27,4.95182260694816e-25,"DEPP1"
"ENSG00000165891",39.9867489809378,-1.58003783540279,0.355164603163533,-4.44874804901455,8.637226125014e-06,9.8015394264476e-05,"E2F7"
"ENSG00000165899",27.8518859668095,1.83656490822391,0.425366494723068,4.31760594924052,1.57730701209167e-05,0.000169600477293005,"OTOGL"
"ENSG00000165995",495.095686525811,3.29109872411834,0.133052752743539,24.7352922525548,4.4637799462983e-135,4.02454399958255e-131,"CACNB2"
"ENSG00000166670",7.56977942306561,-3.08542185509183,0.91073963426681,-3.38781989824759,0.000704505084278199,0.004944973016623,"MMP10"
"ENSG00000166741",7432.96098233325,2.18740813129514,0.134973473505676,16.2062075938437,4.55844062147656e-59,2.41758239077839e-56,"NNMT"
"ENSG00000166762",15.0252814715236,-1.68142146822314,0.517563339796126,-3.24872597986842,0.00115923089787338,0.0075633649853909,"CATSPER2"
"ENSG00000167191",2745.7420434188,1.74911843709671,0.337264755169573,5.18618803265487,2.14642100545526e-07,3.32796763287784e-06,"GPRC5B"
"ENSG00000167549",1996.39680069426,2.25846236187408,0.320686546564708,7.04258530975939,1.88705224247556e-12,5.72850606672043e-11,"CORO6"
"ENSG00000167641",231.672665874094,2.89643799682851,0.211943065741847,13.6661135229423,1.61809462407716e-42,3.94290300829179e-40,"PPP1R14A"
"ENSG00000167642",61.5053014055689,2.10576642058845,0.305456126685575,6.89384247563661,5.43051571611535e-12,1.55680539575504e-10,"SPINT2"
"ENSG00000167653",14.9233603307321,-1.96680236601493,0.691966361256025,-2.84233811950755,0.00447839677791439,0.0238361714602084,"PSCA"
"ENSG00000167992",251.542182012273,-1.52418557644549,0.153586916880441,-9.92392846606838,3.27602446285494e-23,2.87856025225806e-21,"VWCE"
"ENSG00000168079",406.535098086394,1.59827488048976,0.552799076414,2.89124014254465,0.00383724782846723,0.02083506559558,"SCARA5"
"ENSG00000168309",159.530276360668,4.83499710940447,0.330632792637325,14.6234651162023,1.99008400250594e-48,6.52458086057947e-46,"FAM107A"
"ENSG00000168398",5604.03360684726,-2.10777946112453,0.285666058947882,-7.37847355365754,1.60114586548805e-13,5.61709382227249e-12,"BDKRB2"
"ENSG00000168481",21.0039327564639,4.75737275018628,0.801417299749697,5.93619922064588,2.91705315124128e-09,6.04601177277962e-08,"LGI3"
"ENSG00000168621",218.3476228313,1.80326721930789,0.211029489881884,8.5450958551679,1.28429631402656e-17,6.65472159038128e-16,"GDNF"
"ENSG00000168811",36.0799212868398,-2.07024137709995,0.391010787924001,-5.2945888989189,1.19284450074162e-07,1.92909166254465e-06,"IL12A"
"ENSG00000168843",69.212028908207,-1.68004712568082,0.301585770865516,-5.57071084905394,2.53702078165478e-08,4.59774459646221e-07,"FSTL5"
"ENSG00000168918",16.1499135590953,-2.12425398564916,0.526296953854125,-4.03622701992295,5.43176589606147e-05,0.000509337507216747,"INPP5D"
"ENSG00000169031",44.8711687749684,2.14823070470781,0.381882714247948,5.62536774920117,1.85113182769076e-08,3.4447481028813e-07,"COL4A3"
"ENSG00000169129",10.2480487467381,-1.93485151820166,0.687019277702378,-2.81629872843227,0.00485804719683186,0.0255096992001375,"AFAP1L2"
"ENSG00000169271",82.8298565783954,2.2531964352857,0.304596546521157,7.39731445093451,1.38966210306901e-13,4.91340922402753e-12,"HSPB3"
"ENSG00000169297",9.59290432504572,-3.19559488918491,0.890453900197624,-3.58872580430688,0.000332298108397008,0.00256287403362483,"NR0B1"
"ENSG00000169302",37.4414362080393,-1.53678823706572,0.36163701692933,-4.2495324458614,2.142171800402e-05,0.000223023336633076,"STK32A"
"ENSG00000169715",554.197192328851,2.22519842332067,0.166679330003343,13.350176193269,1.18169090228381e-40,2.53669647023591e-38,"MT1E"
"ENSG00000169738",627.449398995589,2.09813096854095,0.199522009807801,10.5157870580898,7.30681496076612e-26,8.03393215686187e-24,"DCXR"
"ENSG00000170214",201.577369495195,4.06197117974264,0.489217912988451,8.3029894693135,1.01523877709332e-16,4.89486246752585e-15,"ADRA1B"
"ENSG00000170323",8.79470657325092,3.70211627947356,0.914886051045526,4.04653265315698,5.19818764754335e-05,0.000489726852980678,"FABP4"
"ENSG00000170873",1487.26194884797,1.8390805089068,0.301862804080857,6.09243829993108,1.11203710641641e-09,2.45437614478588e-08,"MTSS1"
"ENSG00000171189",62.939300053128,1.92235709671253,0.388660157906963,4.94611309547376,7.57099832929037e-07,1.04453130737386e-05,"GRIK1"
"ENSG00000171227",14.6397787929251,-2.23012898927324,0.579022500253817,-3.85154115478355,0.000117376798959029,0.00101805600713286,"TMEM37"
"ENSG00000171316",7.60655182666576,1.96272783225921,0.759396027472933,2.58459059733384,0.00974946868743161,0.0450544385883564,"CHD7"
"ENSG00000171509",35.2184287096715,-1.7710460692736,0.435774815780688,-4.06413130162372,4.82116818635124e-05,0.000459246195120367,"RXFP1"
"ENSG00000171724",16.208004480861,-1.5069759549953,0.578042627904058,-2.60703256515784,0.00913306738010101,0.0428204552776863,"VAT1L"
"ENSG00000171819",254.882598741171,5.0816042776927,0.757304186875358,6.71012304667089,1.94460365861089e-11,5.17948200473729e-10,"ANGPTL7"
"ENSG00000172061",231.27386893187,-2.5562192083291,0.248624170032003,-10.281458990894,8.54245346922185e-25,8.59950377686602e-23,"LRRC15"
"ENSG00000172156",527.136199597394,-1.52258618200179,0.569053765585492,-2.67564556125065,0.00745854768578917,0.0364280963895315,"CCL11"
"ENSG00000172348",543.783192189063,-1.53918117834256,0.518135289817116,-2.97061637875667,0.00297202774053421,0.0168633115850576,"RCAN2"
"ENSG00000172399",18.930254444633,2.43951438829665,0.548277538161222,4.44941515656129,8.61044353652556e-06,9.77729961276e-05,"MYOZ2"
"ENSG00000172403",8014.79636483276,1.74439247830998,0.103849343962127,16.7973374867553,2.55247238909207e-63,1.48471555226156e-60,"SYNPO2"
"ENSG00000172497",22.9676734512283,-1.64953003655237,0.491922818168225,-3.35322935962745,0.000798744866695752,0.0055118333248456,"ACOT12"
"ENSG00000172602",5.81975935491294,2.25523305346995,0.865098134664389,2.60691008696355,0.00913633477144341,0.0428246396149383,"RND1"
"ENSG00000172738",50.8391641698733,-1.81198362761086,0.319957164170412,-5.66320692430499,1.48569819092539e-08,2.78773254721818e-07,"TMEM217"
"ENSG00000172986",756.360325010941,-1.57287451540412,0.104351570157735,-15.0728399489017,2.44378411508825e-51,1.00150716280162e-48,"GXYLT2"
"ENSG00000173110",13.4569152475954,-2.64668064007988,0.605818389134568,-4.36876906932581,1.24948804724843e-05,0.000136715828082425,"HSPA6"
"ENSG00000173838",47.3529312582661,3.90215321754124,0.408440653625481,9.55378261910069,1.25045359229888e-21,9.71904274841959e-20,"MARCHF10"
"ENSG00000174680",14.3888594220334,3.02578485328083,0.669923458869897,4.51661277601036,6.28366585035279e-06,7.38869664253335e-05,NA
"ENSG00000174697",115.96591423188,3.03064759121341,0.331175901682731,9.15117185705376,5.63192511029693e-20,3.76129161440275e-18,"LEP"
"ENSG00000174944",21.3632883755612,1.61101886978648,0.434067917672693,3.71144423302268,0.000206080073430287,0.00167615511235676,"P2RY14"
"ENSG00000175471",158.252276746404,1.80786002604772,0.25155034732226,7.18687151614893,6.62927394870732e-13,2.14612330059408e-11,"MCTP1"
"ENSG00000175489",9.24960439883729,-3.49241262441676,0.861161155856544,-4.05546929359938,5.00337453951326e-05,0.000474098001558082,"LRRC25"
"ENSG00000175928",11.3933402427726,-2.20625982329425,0.630371543041334,-3.49993562946985,0.000465370520823458,0.00343213138302192,"LRRN1"
"ENSG00000176387",16.9408210506285,-2.59994670100079,0.678447977892973,-3.83219758289403,0.000127003672137979,0.00109209833857513,"HSD11B2"
"ENSG00000176771",107.651022394312,-2.22089658318792,0.238755521644488,-9.30196951212244,1.37867807332742e-20,9.7875287473386e-19,"NCKAP5"
"ENSG00000176928",260.113412949137,1.70212737830185,0.249153806874342,6.83163303685865,8.39533830334287e-12,2.31829617589401e-10,"GCNT4"
"ENSG00000177283",115.085150181609,2.48852036937367,0.223007205377375,11.1589236103944,6.47710221055759e-29,8.58787551917459e-27,"FZD8"
"ENSG00000177570",102.120903759786,-2.02454728991532,0.256984452172026,-7.8780925180644,3.32416556043611e-15,1.37796214679963e-13,"SAMD12"
"ENSG00000177575",10.1021614404928,4.36832158396843,0.945764453778635,4.61882614272039,3.85917031111352e-06,4.70510879310338e-05,"CD163"
"ENSG00000177614",133.149204675085,-2.56961599946556,0.254725373045996,-10.0877897193287,6.25623252854012e-24,5.8756450497206e-22,"PGBD5"
"ENSG00000178015",22.9769906583041,2.51233111106309,0.485147798070778,5.17848606353267,2.23693781668465e-07,3.45642353988497e-06,"GPR150"
"ENSG00000178695",2649.82251474546,-2.52817120378881,0.134837265160324,-18.7497959171952,1.94335334290552e-78,2.06132632231014e-75,"KCTD12"
"ENSG00000178723",34.4928481345877,3.53447931767557,0.452757840072868,7.80655574535545,5.8771981161004e-15,2.40312100747216e-13,"GLULP4"
"ENSG00000178734",14.3864056543608,-1.6045599809695,0.540717200967344,-2.9674661322017,0.00300265360484204,0.0170103384948994,"LMO7DN"
"ENSG00000179094",776.600164098613,3.19178819012624,0.164048687402764,19.4563470190403,2.57497291186394e-84,3.31656511048075e-81,"PER1"
"ENSG00000179300",68.2349431313031,3.62305828718323,0.725018054078597,4.99719733433074,5.81695352351637e-07,8.23969410338155e-06,"RTL3"
"ENSG00000179388",47.7434578840788,-1.73639750052963,0.396743291142677,-4.37662725317562,1.20529835089546e-05,0.000132929295800287,"EGR3"
"ENSG00000179593",67.2428116114968,9.50600038597199,1.05368643631222,9.02165963077395,1.85261047852768e-19,1.18043364483431e-17,"ALOX15B"
"ENSG00000180287",29.4638502789825,1.91534014957372,0.485642985865419,3.94392631072509,8.01582983619842e-05,0.000724155529089829,"PLD5"
"ENSG00000180914",568.7095119069,1.87564275423095,0.176020417645779,10.6558249282505,1.63786071250917e-26,1.88114040560289e-24,"OXTR"
"ENSG00000181634",26.8280741823944,-2.70683779181578,0.517944050594718,-5.22612005815631,1.73103983162251e-07,2.72374434937322e-06,"TNFSF15"
"ENSG00000182010",118.3057488985,-1.88221540022307,0.26311993142747,-7.15345048173178,8.46233191834455e-13,2.71035113945984e-11,"RTKN2"
"ENSG00000182580",426.1229140081,-1.52010958462465,0.173578528003659,-8.75747479891414,1.99673098238596e-18,1.13940041374632e-16,"EPHB3"
"ENSG00000182674",6.47196428454148,-2.68207693865633,0.951537235265963,-2.81867786067948,0.00482218867535524,0.0253583278489372,"KCNB2"
"ENSG00000182732",5.22394214557759,-2.69674373321701,0.973939287324803,-2.76890332725398,0.00562453213664884,0.0287802393552928,"RGS6"
"ENSG00000182836",24.8480423376056,3.16619502576186,0.66156449598369,4.78592041287523,1.70205498691505e-06,2.2175907170558e-05,"PLCXD3"
"ENSG00000183092",4.67306085602353,-3.31299580498896,1.1292234482452,-2.93387089166216,0.00334763426551453,0.0185451739096031,"BEGAIN"
"ENSG00000183454",5.80409129264891,-4.26321125259461,1.1604337047703,-3.67380853819519,0.000238961817341824,0.00191191841150907,"GRIN2A"
"ENSG00000183496",171.525899913249,-1.71451030645964,0.194599863324266,-8.8104394174353,1.24656244078102e-18,7.19062159520333e-17,"MEX3B"
"ENSG00000183508",90.0350688619864,-2.54661680747886,0.300645208032762,-8.47050523153974,2.44330941962745e-17,1.23757740041354e-15,"TENT5C"
"ENSG00000183570",195.732850754313,1.67155998478437,0.217301570562897,7.69235114341038,1.44455502912638e-14,5.62596464043345e-13,"PCBP3"
"ENSG00000183831",17.930122332952,-2.00883898306673,0.578323427164178,-3.4735562986219,0.000513609600272583,0.00374955802109928,"ANKRD45"
"ENSG00000183876",193.710165838978,-1.68666456660499,0.190189363828273,-8.86834327984777,7.4242159255796e-19,4.47737329665723e-17,"ARSI"
"ENSG00000184156",16.2913207397899,2.40748569716472,0.585640678903219,4.11085804639362,3.94191501797641e-05,0.000384427320736347,"KCNQ3"
"ENSG00000184307",101.191575318095,1.70778750933797,0.243409235741161,7.01611631184781,2.28120174981787e-12,6.84436438481128e-11,"ZDHHC23"
"ENSG00000184408",50.9612918675993,-1.52207293967795,0.373754973672584,-4.07238176584458,4.6534823724023e-05,0.000445154345565826,"KCND2"
"ENSG00000184545",18.6659149050607,-1.66544289701003,0.559061080001634,-2.97899989211404,0.00289190880110035,0.0164857763142407,"DUSP8"
"ENSG00000184564",43.2167565534767,-3.1895042464458,0.451885162966141,-7.05821856488964,1.68650650009162e-12,5.17195326694765e-11,"SLITRK6"
"ENSG00000185052",35.7468307721732,1.55481353794989,0.398748620959247,3.89923238909156,9.64981251817686e-05,0.000853804805337415,"SLC24A3"
"ENSG00000185432",3885.65647195502,2.24939395349763,0.164845812269781,13.645441898253,2.14906821267556e-42,5.16693306812876e-40,"TMT1A"
"ENSG00000185585",1446.10642481102,-1.55910668774298,0.374358938140099,-4.1647374455355,3.11711069454899e-05,0.000310883517943071,"OLFML2A"
"ENSG00000185745",237.71394326956,-1.66406814320074,0.18074715252327,-9.20660779420306,3.36593900457409e-20,2.31658824925496e-18,"IFIT1"
"ENSG00000185950",1974.87889005049,2.12426440325111,0.160407240226366,13.242945893548,4.95658210097577e-40,1.0273228556873e-37,"IRS2"
"ENSG00000186198",52.6272144869608,-1.62648835894909,0.300842158578801,-5.40645089980984,6.42858396020312e-08,1.08845282601298e-06,"SLC51B"
"ENSG00000187193",37.3833061453583,3.15575783916768,0.398050634473721,7.92803117457667,2.22647426501118e-15,9.42436242879848e-14,"MT1X"
"ENSG00000187288",22.4448556240806,3.60671148895194,0.613367289286157,5.8801823180846,4.09814832717237e-09,8.35948084112808e-08,"CIDEC"
"ENSG00000187634",61.9616066700095,-1.63037889986115,0.354841093869162,-4.59467330033175,4.3342778837353e-06,5.2383176139085e-05,"SAMD11"
"ENSG00000188176",56.145889280883,-3.24765890937444,0.380487869506561,-8.53551235046258,1.39535700051841e-17,7.20947777459826e-16,"SMTNL2"
"ENSG00000188501",7.45180015439393,-3.00158851108401,0.912037456112231,-3.29108030702924,0.000998034172872693,0.00666846189813972,"LCTL"
"ENSG00000188536",8.6825047864436,-2.18584724442159,0.715046874640492,-3.05692860418498,0.00223617531567558,0.0132553298133669,"HBA2"
"ENSG00000188916",53.1581029233325,1.9974973920263,0.476865830299666,4.18880377898131,2.80428739862714e-05,0.000283446807018187,"INSYN2A"
"ENSG00000189221",2341.78067569054,3.35365461834073,0.142180878091054,23.5872408678824,5.21069832932715e-123,1.87918624548854e-119,"MAOA"
"ENSG00000196196",27.9638685149155,1.52170889131678,0.417819183811309,3.64202734167418,0.00027049933448243,0.00213276956685054,"HRCT1"
"ENSG00000196517",229.638049919376,-2.22911298233286,0.160690036171625,-13.8721294452387,9.34603904562176e-44,2.47834964809782e-41,"SLC6A9"
"ENSG00000196569",17178.4005648725,2.0306700874814,0.133240612046979,15.2406241331691,1.90046228853424e-52,8.56728399671236e-50,"LAMA2"
"ENSG00000196932",68.8282280672939,-2.08459054008091,0.270591528747305,-7.7038277943565,1.32049773008858e-14,5.1876285553284e-13,"TMEM26"
"ENSG00000197046",4.93633951502668,-2.59262880025284,0.980409628128398,-2.64443425061233,0.00818276022651115,0.0391383375078114,"SIGLEC15"
"ENSG00000197210",18.1130384714363,1.957809830225,0.512393542306696,3.82091043031363,0.000132959937693943,0.00113843000783342,NA
"ENSG00000197301",209.371085229787,2.27583160826577,0.263363266696436,8.64141623398451,5.55204477741783e-18,3.00644058337533e-16,"HMGA2-AS1"
"ENSG00000197381",1969.04008868001,2.32111756684879,0.136095020406733,17.0551248672575,3.2018796187351e-65,1.92454310950104e-62,"ADARB1"
"ENSG00000197769",134.644122117327,2.45018141928848,0.271419354951818,9.02729070195983,1.75974468551673e-19,1.12523816202971e-17,"MAP1LC3C"
"ENSG00000197943",21.5353661062071,1.63455758139355,0.44922804246876,3.63859204427832,0.000274132651901433,0.00215670156155613,"PLCG2"
"ENSG00000198431",22734.5766088759,1.50018152241112,0.1508198877257,9.94684152755468,2.60314117129682e-23,2.3123074680209e-21,"TXNRD1"
"ENSG00000198624",2057.20440873193,2.91847561651971,0.161676097987642,18.0513734116887,7.69531698192332e-73,7.70899754544674e-70,"CCDC69"
"ENSG00000198944",13.8566753462816,-1.50912279366461,0.548910861055212,-2.74930394119641,0.00597219790127207,0.0302332039740983,"SOWAHA"
"ENSG00000203685",8.00352163341268,2.87207914337673,0.803795968568978,3.57314449895783,0.000352719992202999,0.00270074178318661,"STUM"
"ENSG00000204103",128.229901449163,-1.93314064141337,0.336323764679014,-5.74785621604335,9.03820448358052e-09,1.75621662982677e-07,"MAFB"
"ENSG00000204335",5.19260256755656,-2.64119420313854,1.00264850939905,-2.63421745345392,0.00843314593016464,0.0400385696189386,"SP5"
"ENSG00000205364",52.271046309327,2.51784317842882,0.34647609127038,7.26700410754738,3.67547633958507e-13,1.23880727767099e-11,"MT1M"
"ENSG00000206172",11.1291277867445,-2.47399272742601,0.654225783526174,-3.78155797237397,0.000155849917370335,0.00130762708347279,"HBA1"
"ENSG00000211445",12285.7000547124,3.73043888517743,0.166398379794793,22.4187212025617,2.58505699575188e-111,7.76895795789965e-108,"GPX3"
"ENSG00000211448",662.63316137939,1.6904520889051,0.353210806791457,4.78595800695074,1.7017363798356e-06,2.2175907170558e-05,"DIO2"
"ENSG00000211574",10.9421757558928,-1.64025419516225,0.601465244403016,-2.72709721871009,0.00638942108061908,0.0319417912186646,"MIR770"
"ENSG00000213160",203.848539203316,1.53560449992148,0.214271834475877,7.16661853237813,7.68728434446027e-13,2.47089324954202e-11,"KLHL23"
"ENSG00000213402",14.3507751170312,1.51758489124569,0.525316832001715,2.88889447052924,0.00386598791893289,0.0209658629035182,"PTPRCAP"
"ENSG00000213420",15.8713469673547,-1.50638693114988,0.488145280645096,-3.08593976194783,0.00202909925052165,0.0122084476761449,"GPC2"
"ENSG00000213626",4674.62959092944,1.55583844390152,0.288787693189674,5.38748180962011,7.14517045508978e-08,1.19852756880166e-06,"LBH"
"ENSG00000214814",243.273277090711,-3.05958714904228,0.252090188929555,-12.1368751478752,6.73492800543111e-34,1.12448353512902e-31,"FER1L6"
"ENSG00000215018",6.92767301176962,2.44017884395444,0.812691769103461,3.00258835726413,0.00267694251930355,0.0154120777484296,"COL28A1"
"ENSG00000215481",10.2941847110896,2.53303443314538,0.687030094628355,3.68693373543645,0.000226972428970708,0.00182631273502892,"BCRP3"
"ENSG00000219565",5.21232379167884,3.87384490594703,1.14256404321076,3.39048382361219,0.000697693718909132,0.00490671339288981,NA
"ENSG00000221866",847.490034652657,2.75317247600459,0.181973466886643,15.1295269750487,1.03436212007201e-51,4.4408613688425e-49,"PLXNA4"
"ENSG00000223764",25.8912804732707,-1.81612725298231,0.478753124824243,-3.79345253077782,0.000148567043127027,0.00125419518804614,"LINC02593"
"ENSG00000223811",5.68496595888995,-3.33796569582356,1.06588617239966,-3.13163429853744,0.00173836259773602,0.0106837608597055,NA
"ENSG00000223949",17.3539296149798,-1.84610982332273,0.49911825951512,-3.69874230831823,0.000216670441834794,0.00175044865912411,"ROR1-AS1"
"ENSG00000224080",9.11021741192982,2.34082681375537,0.72625162867644,3.22316222274285,0.00126783729385868,0.00816195718773997,NA
"ENSG00000225383",8.27388504113067,1.98668141407476,0.752208105757499,2.64113268504878,0.00826293518153012,0.0394172611622622,"SFTA1P"
"ENSG00000225783",69.7496343195527,-1.85980105122067,0.262285654723989,-7.09074635888035,1.33390627256587e-12,4.13281750977797e-11,"MIAT"
"ENSG00000226887",6.36701928860477,2.82211604032554,0.930598450460389,3.03258192502832,0.00242471270333006,0.0141909832737578,"ERVMER34-1"
"ENSG00000227268",22.4117295944599,-1.5646214740217,0.460416622192035,-3.39827321301427,0.000678126606118412,0.00478215837369073,"KLLN"
"ENSG00000228798",7.94982443803612,-1.82016124022174,0.711153893556963,-2.55944776048104,0.0104838611196941,0.0477506905052601,NA
"ENSG00000229373",7.35276735614387,3.05326399493311,1.10204086316155,2.7705542480284,0.00559609775362388,0.0286510036040164,"LINC00452"
"ENSG00000229647",5.0442113174197,3.1841099617545,1.04173842152231,3.05653501490472,0.00223911326536401,0.0132683833062911,NA
"ENSG00000230018",41.519428327209,2.34209917878959,0.362434666429274,6.46212792463833,1.03240761600096e-10,2.52939865920236e-09,"PPIAP39"
"ENSG00000230417",33.4410126094382,-1.64972494879038,0.37924499584459,-4.3500243031985,1.36122444674652e-05,0.000147687119276373,"LINC00595"
"ENSG00000231246",5.97046959812093,3.47712280004255,1.00282215524687,3.46733743550627,0.000525641580278881,0.00382344241126506,"LINC02884"
"ENSG00000233117",77.6315991325697,3.38934440813083,0.312917932650936,10.8314163378795,2.44346249133704e-27,2.97706186782361e-25,NA
"ENSG00000235109",71.4228257725772,-1.72219631152429,0.294014408730672,-5.85752351035927,4.69820324346674e-09,9.47628645259421e-08,"ZSCAN31"
"ENSG00000235513",28.1190025042341,-2.15867078226375,0.42052804037839,-5.13323863093976,2.84798436436549e-07,4.29747732704926e-06,NA
"ENSG00000235750",113.615522282352,2.35365489497147,0.390740519227027,6.02357518392904,1.7060580298528e-09,3.6690945041741e-08,"KIAA0040"
"ENSG00000237697",126.795186309546,2.02454183015144,0.198674556102093,10.1902421219509,2.19217553480998e-24,2.10262283211136e-22,NA
"ENSG00000237886",15.6774948695752,-1.50933753911427,0.574475241968558,-2.62733261392121,0.00860571694062993,0.0407078404704719,"NALT1"
"ENSG00000237928",7.32018678586575,3.1200443262112,0.89340294471061,3.4923148000389,0.00047885353303675,0.00351718407646382,"NFIA-AS2"
"ENSG00000241399",676.962148494614,1.57394314569722,0.216144669167563,7.2818966655941,3.29159173449791e-13,1.12200344341146e-11,"CD302"
"ENSG00000243742",21.2155210445864,-2.16350507782582,0.463563277303736,-4.66711921274179,3.05452122697987e-06,3.81170427438761e-05,NA
"ENSG00000244301",8.08134356605145,2.16759362035196,0.743363056969177,2.91592863006889,0.00354631612903567,0.01951393727152,NA
"ENSG00000245812",181.253072875573,1.6646310440267,0.209837171313905,7.93296551608816,2.13973860870816e-15,9.12145782322118e-14,"LINC02202"
"ENSG00000246430",2162.53381587847,2.05124345448439,0.161861642858984,12.6728199359218,8.36521825989725e-37,1.52365268345926e-34,"LINC00968"
"ENSG00000246763",155.491769439565,-1.55533508652681,0.226481245276164,-6.86739020986167,6.53870387462312e-12,1.83368442095185e-10,"RGMB-AS1"
"ENSG00000247311",17.5620741427689,2.66693519874662,0.518557648096988,5.14298691482768,2.70404463101223e-07,4.09742292322794e-06,NA
"ENSG00000248187",7.68952994258655,3.49488973935205,0.95370571601662,3.66453684890271,0.000247786565219062,0.00197353681273416,"LINC03140"
"ENSG00000248869",58.0288825948884,-1.55708094698258,0.284458053576098,-5.47385081001416,4.40359837425601e-08,7.73180972586021e-07,"LINC02511"
"ENSG00000249364",8.83918349519796,5.09276319662646,1.15331259699292,4.41577002618808,1.00651048012647e-05,0.000112939620271565,"LINC02997"
"ENSG00000250657",4.80563836864765,-3.57231748034746,1.18753915875906,-3.0081681551288,0.00262827666377869,0.0151852242234083,NA
"ENSG00000250934",4.86372304781545,3.33478925277684,1.07161821257113,3.11191916454619,0.00185875388169868,0.011315681969882,"LOC105374088"
"ENSG00000250978",56.3185566347047,6.32664047885205,0.676259099320978,9.35534987285871,8.33234829768243e-21,6.0340925503538e-19,"LOC101928819"
"ENSG00000253139",15.6381285076394,2.25032188865199,0.554665846105566,4.05707671465984,4.96907638656235e-05,0.000471591502118381,NA
"ENSG00000253368",1040.17481746375,1.98909843269857,0.11467616857291,17.3453513267137,2.13866628581247e-67,1.54257721863082e-64,"TRNP1"
"ENSG00000254726",47.8948534000902,-2.09922979021185,0.336056153884909,-6.2466637374264,4.1931242794963e-10,9.6565028107123e-09,"MEX3A"
"ENSG00000254842",11.456641092336,2.67651627566735,0.775833566544571,3.44985882421676,0.000560879785386064,0.00404389615756958,NA
"ENSG00000254987",8.69567232319854,2.41866799430907,0.744155687175344,3.25021771114835,0.0011531669045122,0.00753675448429286,NA
"ENSG00000257150",5.1522702083052,2.44521496022726,0.961554242146161,2.54298182364587,0.0109910946508955,0.0496471489842055,NA
"ENSG00000258412",6.16986312526721,-2.58405803768961,0.979902773752157,-2.63705553949496,0.00836291379676134,0.0397574641664119,NA
"ENSG00000258457",8.33136465987665,-2.55667059535306,0.779900113944105,-3.27820261805514,0.00104470377675079,0.00693852615188591,NA
"ENSG00000259319",12.058919167347,-1.56268112477803,0.606810097297366,-2.57523915923277,0.0100170796475203,0.0460081457473475,NA
"ENSG00000259426",29.0229650387736,1.73426366183364,0.481451448857901,3.60215690688575,0.000315587773091904,0.00244655147222408,"KIF23-AS1"
"ENSG00000259448",9.61888078696031,1.94236579517022,0.638477233104681,3.0421848962808,0.00234867577688133,0.0138132164412016,"LINC02352"
"ENSG00000259886",15.971915512095,1.61124122639286,0.496440754292887,3.24558612978473,0.00117209102596638,0.00763277189607284,NA
"ENSG00000260396",17.2763069473607,1.58284462538481,0.491768068879422,3.21868117422019,0.00128781587066638,0.00827285207689923,NA
"ENSG00000260455",11.6950477447113,-2.48751808210624,0.686738422982949,-3.62222062849103,0.000292084835052996,0.00228596950767171,NA
"ENSG00000260802",6.72314403781662,4.88357964932503,1.19306727136057,4.09329781023648,4.25280926882029e-05,0.000411039742888683,"SERTM2"
"ENSG00000260807",9.29035889733276,-1.84298491499992,0.701192635198694,-2.62835749048859,0.00857982966501798,0.0405960347729216,"CEROX1"
"ENSG00000261121",7.00515534339253,-3.10919606860884,0.974229503038248,-3.19144109156256,0.00141564975754843,0.00898837902398357,"LINC02473"
"ENSG00000261425",22.8002084730873,-1.97039754449694,0.437669927796443,-4.50201720373477,6.73115316307053e-06,7.8509801964093e-05,NA
"ENSG00000261452",4.68290158842556,-2.69336291207968,1.03615190379443,-2.59939001435647,0.00933896002617716,0.043503003666243,NA
"ENSG00000261468",33.1838111689967,2.48502645477743,0.400273815807963,6.20831629908476,5.35552769698109e-10,1.21779161957078e-08,NA
"ENSG00000261685",48.4470782983356,2.27462498458803,0.381195232736006,5.96708665074861,2.41527160423787e-09,5.08193437195067e-08,NA
"ENSG00000261827",11.5445579361005,-1.92558834196899,0.635777672339649,-3.02871337850362,0.00245597570356006,0.0143460168080968,NA
"ENSG00000264007",8.63790831229881,1.82487131419781,0.71460542520593,2.5536768261617,0.0106592139685374,0.0483824161151047,NA
"ENSG00000264868",18.1836599664755,4.30846413486189,0.772554753713199,5.57690456780407,2.44836094920649e-08,4.45497927710308e-07,NA
"ENSG00000266456",9.80823955972646,-1.94708934391847,0.755274654331347,-2.57798846122044,0.00993773163532548,0.0457252301220181,NA
"ENSG00000267339",26.2332150611532,-4.61130227337276,0.669836323802372,-6.88422247273242,5.81040097366453e-12,1.65257334948137e-10,"LINC00906"
"ENSG00000267480",24.2621807842876,2.38707495216362,0.511898869119992,4.66317684246355,3.11364964929522e-06,3.88011959060756e-05,NA
"ENSG00000267528",18.3332973925955,-2.1927456454862,0.509407516404459,-4.30450194563914,1.67361821634277e-05,0.000178744762784959,NA
"ENSG00000267683",6.11943702063457,-2.49240943258098,0.857420446634992,-2.90686960214516,0.00365065342743365,0.0200026079013928,NA
"ENSG00000268894",6.62879201228482,4.01583854781554,1.0755537654323,3.73374040134706,0.000188656949417114,0.00155052967725133,"PLCE1-AS1"
"ENSG00000268913",72.857073302781,2.52707296681576,0.288963111641778,8.74531338085991,2.22397520432485e-18,1.25713858571742e-16,NA
"ENSG00000269289",8.28398322495474,3.30021084883061,0.924151653941728,3.57107065139625,0.000355524969308213,0.00271961021559163,"ZNF276-AS1"
"ENSG00000269959",10.9946835737752,-1.77024543423592,0.671142926118629,-2.63765788976374,0.00834807533414316,0.039697387770377,"SPACA6-AS1"
"ENSG00000270093",11.0488827412884,-1.98684694737023,0.64582021364911,-3.07647067307455,0.00209466907210418,0.0125526994709813,NA
"ENSG00000270605",13.9098642505012,-1.54291054044373,0.531143803119477,-2.90488287989433,0.0036739054694576,0.0200811953395754,NA
"ENSG00000270689",4.50367827996702,4.05381548826218,1.26730855020247,3.19875967665059,0.00138020170697599,0.00878806397605618,NA
"ENSG00000272168",89.1268202836453,-1.7593908572724,0.273888626797919,-6.42374558535617,1.32961356067767e-10,3.22686295102823e-09,"LOC105374971"
"ENSG00000272327",19.7531893446655,-1.58738560195945,0.489622919219276,-3.24205738671425,0.00118670123895703,0.00770010677973126,NA
"ENSG00000272744",10.1516030671686,1.73124224566181,0.666425452364011,2.59780330946331,0.0093822218983047,0.0436706828265953,NA
"ENSG00000272796",17.6400790331034,-1.6550132063791,0.483347986537987,-3.42406144739165,0.000616926697300079,0.00440048346745056,NA
"ENSG00000272841",114.903197148601,-2.01788443973491,0.238805927662431,-8.44989259474048,2.91570928701129e-17,1.46860530344658e-15,"MAP3K4-AS1"
"ENSG00000273162",9.98609198231187,-1.62067792461317,0.615678264485767,-2.63234552541302,0.00847975746453029,0.0401963687172477,"LOC107984262"
"ENSG00000273179",167.919312364673,-1.5221109393584,0.206022089785312,-7.38809581508729,1.48946401168817e-13,5.24570606616429e-12,NA
"ENSG00000273259",8.86087720009819,4.09104443466084,0.951287600998466,4.30053375064167,1.70387217424781e-05,0.000181654590375559,NA
